# Errata de la fin du tome II (p. 389-390), relu sur le scan Gallica : leçons « lis. » et ponctuation.
# Les corrections proposées (« corr. ») ne sont pas appliquées.
323	lis	s'entre [n] comtrérent	s'entrecomtrérent
1180	lis		roncin
1194	point-virgule-fin
1518	lis	En	E en
1949	lis		couvenança
2057	lis		avrion
2159	lis	fut	fu
2316	lis	de s'enpris	des enpris
3503	suppr-virgule-apres	Maresc
4156	point-virgule-fin
4386	lis	ni	n'i
4419	lis	ont	out
4787	virgule-apres	furent
5280	suppr	ne
5748	lis	prouver	prover
6119	virgule-fin
6517	suppr-ponct-fin
6666	lis	atraistent	atraistrent
6986	lis	ont	out
7313	virgule-fin
7813	lis	grand	grant
7878	lis	quei	Quei
7880	lis	sais	sai
8245	lis	jamés	jamès
9421	lis	Si n'ourent	Si 'n ourent
10917	suppr-ponct-fin
11894	lis	proce[i]en	proce[i]n
11920	lis	feel	fee[i]l
12302	suppr-ponct-fin
15495	lis	Qu'il	Quil
16609	lis	axerions]	ale[rions]
17609	virgule-fin
19127	lis	o seit	a sei
