# Errata du tome XII (Kervyn de Lettenhove), relu sur le scan Gallica (vues 405-406).
# « contexte » : mots de la ligne visée, pour trouver la bonne occurrence.
appliquer	page	ligne	au_lieu_de	lisez	contexte	resultat
oui	24	30	sont	font	grandement car elles sont tant à toucher	
oui	74	2	tout	toute	Flandre et conquis tout la flotte qui	
oui	78	2	port	Port	port de Portingal qui	
oui	78	21	mender	mander	et le vueil mender car c'est raison	
oui	95	25	que	qui	chemin qui les Anglois venoient	
oui	102	23	faittes	faitte	advisés vous car faittes votre response il	
oui	108	3	gésist	geust	Gaussens et là gésist et partout luy	
oui	109	26	que se	que	que se nuls passe parmy	
oui	138	13	« Parlés, messire Guillemme, mais vous, » dist-il : « Non feray,	« Parlés, messire Guillemme. » — « Mais vous, » dist-il. — « Non feray.	dist messire Gaultier Parlés messire Guillemme mais vous dist il Non feray	
oui	143	21	Tourougeaus	Tourangeaus	Bloisois et Tourougeaus chevalliers et escuiers	
oui	164	16	si	se	dist le duc si tu veuls estre	
oui	182	17	convenier	convenir	et nous laissiés convenier car les pers	
oui	187	3	nomme	nommé	estoit nomme le bastard d'Aulroy	
oui	189	9	et on assauldroit	on assauldroit	levant à la frescheur et on assauldroit tout jusques à	
oui	192	20	bestes	testes	targes sur leurs bestes et l'espée en	
oui	193	8	monstront-ils	monstrent-ils	tant monstront ils si grant deffense	
oui	196	15	destourbe	destourbé	sefeussent rendus se destourbe ne l'eussiés	
oui	197	14	aucuns de	aucuns des	nostre et se aucuns de compaignons de nostre	
oui	198	23	au l'endemain	à l'endemain	Quant ce vint au l'endemain au plus matin	
oui	198	27	demanda.	demanda :	le mareschal leur demanda Estes vous tous	
oui	199	1	aler,	aler?	Où voulez vous aler dist le mareschal	
oui	200	22	entendus	entendu	avons entendus par pellerins qui	
oui	202	16	ou	où	bataille du roy ou bien avoit mille	
oui	202	18	Ponvasse	Pouvasse	le Ponvasse de Coingne et	
oui	203	12	si	s'i	car nuls ne si estoit tenu très	
oui	243	28	cheyaulx	chevaulx	à bien soixante cheyaulx et de Yorch	
oui	245	15	et	en	et vostre roiaulme trop	
oui	255	30	le d'Irlande	le duc d'Irlande	povoient nullement amer le d'Irlande car	
oui	256	27	sceut	sceust	qu'il sceut ne peust dire	
oui	259	28	despenses	deffenses	despenses ne excusances il	
oui	261	12	Lancegrove	Lancegrone	se appelloit la Lancegrove quel par	
oui	262	14	Lancegrove	Lancegrone	et promettoit à Lancegrove de	
oui	264	20	non au fort et autrui	non au fort à autrui	foy et non au fort et autrui car ils congnoissoient	
oui	267	12	pas	par	et chevaucha tant pas ses journées qu'il	
oui	268	15	bouta-t-il	bouta-il	bouta t il en l'ostel et	
oui	271	17	d'Irlande ? dist Trivilien » — Monseigneur,	d'Irlande ? » Dist Trivilien : « Monseigneur	vostre maistre le duc d'Irlande dist Trivilien Monseigneur il est	
oui	272	18	an	au	Trivilien fut délivré an bourrel et	
oui	275	17	chiefs	chief	pèvent venir à chiefs et ainsi	
oui	277	28	voulonté	voulenté	voulonté de ceulx de	
oui	280	8	taut	tant	et pour taut il ne sçavoit	
oui	290	13	bien'cla	bien la	feroit bien'cla besoingne	
oui	290	20	et deux jours	et deux nuis	jour tout entier et deux jours	
oui	303	5	Anglois portingalois	Anglois et Portingalois	que les Anglois portingalois estoient	
oui	306	3	nouroient	mouroient	nouroient sur les chemins	
oui	307	8	si	se	à leurs maistres Si le connestable	
oui	311	11	se tournent,	se tournent :	comment les fortunes se tournent vous	
oui	318	2	« Ceulx	Ceulx	Ceulx respondirent Chier sire	
oui	336	5	telle	tel	pays n'est de telle affaire ne	
oui	336	7	cet	cel	se ordonnèrent sur cet estat Et par	
oui	337	20	sur le champs	sur les champs	et s'en vint sur le champs au	
oui	341	17	entr'euls.	entr'euls :	ainsi entr'euls Nous paiasmes nostre	
oui	341	24	grans	grant	fist à leur grans dommage car quant	
oui	341	28	et tous sont	et tous soient	et tous sont pris et quanques	
oui	342	28	mantalent	mautalent	dont le mantalent leur en estoit	
oui	344	4	tous, les	tous les	on puet dire tous les jours et lesquels	
oui	350	3	aucunes chose	aucune chose	infourmoient et qui aucunes chose en savoient ou	
